{"cameraMode":{"drawMode":0,"name":"Shaded","section":"Shading Mode"},"sceneLighting":false,"audioPlay":false,"sceneViewState":{"showFog":true,"showMaterialUpdate":false,"showSkybox":false,"showFlares":true,"showImageEffects":true,"showParticleSystems":true},"in2DMode":false,"pivot":{"x":1.371577501296997,"y":-0.4383900761604309,"z":1.1320204734802247},"rotation":{"x":-0.28864413499832156,"y":0.003445696784183383,"z":-0.0010379647137597204,"w":-0.9574297070503235},"size":7.241219520568848,"orthographic":false}