{"cameraMode":{"drawMode":0,"name":"Shaded","section":"Shading Mode"},"sceneLighting":false,"audioPlay":false,"sceneViewState":{"showFog":true,"showMaterialUpdate":false,"showSkybox":false,"showFlares":true,"showImageEffects":true,"showParticleSystems":true},"in2DMode":false,"pivot":{"x":-0.5680270195007324,"y":-1.4379017353057862,"z":-5.110579490661621},"rotation":{"x":0.009391152299940586,"y":-0.9745053052902222,"z":0.22028490900993348,"w":0.04154340177774429},"size":6.5497283935546879,"orthographic":false}